full_compound,intercept,slope
Acetoin,0.07405895953294024,0.5468136108396517
Meso-Butanediol,0.011771709057122768,0.43280192276887375
"(S,S)-Butanediol",0.040625031025124735,0.4522919351123254
"(R,R)-Butanediol",0.019480024425204114,0.44732363896170996
