sample,1.17
1C5X,-8.813499023
1C5Y,-7.472665019
1C5Z,-4.604917051
1GI7,-7.932143488
1GJ7,-10.12223697
1GJ8,-7.129245808
1GJA,-6.322565851
1GJB,-8.561360003
1GJD,-3.602787789
1O3P,-9.187344359
