sample,1.43
1C5X,-8.545685139
1C5Y,-6.925717698
1C5Z,-6.603085241
1GI7,-6.807283184
1GJ7,-10.48771811
1GJ8,-7.856388327
1GJA,-6.378854544
1GJB,-8.584781699
1GJD,-3.028271317
1O3P,-8.8053505
