sample,experiment_kcal_mol
1C5X,-9.012965834
1C5Y,-5.669608179
1C5Z,-5.416633285
1GI7,-6.085285636
1GJ7,-10.85931697
1GJ8,-9.391996046
1GJA,-7.315637846
1GJB,-8.56622601
1GJD,-7.047902057
1O3P,-8.985697429