sample,1.28
1C5X,-9.684391241
1C5Y,-8.089774011
1C5Z,-7.695130513
1GI7,-7.732093681
1GJ7,-9.19317681
1GJ8,-6.708496406
1GJA,-5.538517644
1GJB,-7.473914863
1GJD,-2.730856262
1O3P,-8.235978171
