sample,1.27
1C5X,-7.782748865
1C5Y,-6.348684937
1C5Z,-3.571844411
1GI7,-7.205735473
1GJ7,-11.23155076
1GJ8,-8.768681043
1GJA,-7.597586528
1GJB,-9.594775837
1GJD,-3.47511568
1O3P,-9.859639269
